,Match,Team1,Team2,Match_Date,Team1_Recent_form,Team2_Recent_form,Team1_rank,Team2_rank,Team1_Star_Player_Count,Team1_Top100_players,Team2_Star_Player_Count,Team2_Top100_players,Head_to_Head_Team1_result_percentage,Team1_Result,Team1_goalkeeper_rank,Team2_goalkeeper_rank
0,2002FrancevsSenagal,France,Senegal,5/31/2002,3.5,3.5,1,42,1,6,0,2,0.0,Loss,3,19
1,2002UruguayvsDenmark,Uruguay,Denmark,6/1/2002,2.5,4.0,24,20,0,1,0,2,0.0,Loss,14,9
2,2002DenmarkvsSenegal,Denmark,Senegal,6/6/2002,4.0,3.5,20,42,0,2,0,2,0.75,Draw,9,19
3,2002FrancevsUruguay,France,Uruguay,6/6/2002,2.5,2.5,1,24,1,6,0,1,0.375,Draw,3,14
4,2002DenmarkvsFrance,Denmark,France,6/11/2002,4.5,2.0,20,1,0,2,1,6,0.5,Win,9,3
5,2002SenegalvsUruguay,Senegal,Uruguay,6/11/2002,3.5,2.5,42,24,0,2,0,1,0.5,Draw,19,14
6,2002ParaguayvsSouthAffrica,Paraguay,South Africa,6/2/2002,2.0,4.0,18,37,0,0,0,0,0.5,Draw,24,30
7,2002SpainvsSlovenia,Spain,Slovenia,6/2/2002,3.5,3.0,8,25,1,4,0,0,1.0,Win,6,31
8,2002SpainvsSParaguay,Spain,Paraguay,6/7/2002,3.5,2.5,8,18,1,4,0,0,0.75,Win,6,24
9,2002SfvsSlo,South Africa,Slovenia,6/8/2002,4.0,3.0,37,25,0,0,0,0,1.0,Win,30,31
10,2002SfvsSpin,South Africa,Spain,6/12/2002,4.5,3.5,37,8,0,0,1,4,0.0,Loss,30,6
11,2002Slovspara,Slovenia,Paraguay,6/12/2002,2.5,2.0,25,18,0,0,0,0,0.0,Win,31,24
12,2002BravsTur,Brazil,Turkey,6/26/2002,5.0,3.5,2,22,3,7,0,2,1.0,Win,5,10
13,2002ChinavsCoRi,China,Costa Rica,6/4/2002,1.0,0.5,50,29,0,0,0,0,0.0,Loss,32,25
14,2002BravsChi,Brazil,China,6/8/2002,4.5,1.0,2,50,3,7,0,0,0.0,Win,5,32
15,2002CoRavsTur,Costa Rica,Turkey,6/9/2002,1.5,1.5,29,22,0,0,0,2,0.5,Draw,25,10
16,2002CoRavsBra,Costa Rica,Brazil,6/13/2002,1.5,4.5,29,2,0,0,3,7,0.142857,Loss,25,5
17,2002TurvsChina,Turkey,China,6/13/2002,2.0,0.5,22,50,0,2,0,0,0.0,Win,10,32
18,2002SKvspol,South Korea,Poland,6/4/2002,3.0,3.0,40,38,0,0,0,0,1.0,Win,20,26
19,2002USvsPor,United States,Portugal,6/5/2002,2.0,3.0,13,5,0,0,1,3,0.5,Win,15,8
20,2002SkvsUs,South Korea,United States,6/10/2002,3.0,3.0,40,13,0,0,0,2,0.625,Draw,20,15
21,2002PorvsPol,Portugal,Poland,6/10/2002,2.0,2.0,5,38,1,3,0,0,0.642857,Win,8,26
22,2002PolvsUS,Poland,United States,6/14/2002,1.0,3.5,38,13,0,0,0,2,0.625,Win,26,15
23,2002IrdvsCame,Ireland,Cameroon,6/1/2002,3.0,2.0,15,17,0,0,1,2,0.0,Draw,22,17
24,2002GervsSa,Germany,Saudi Arabia,6/1/2002,3.0,3.0,11,34,1,3,0,0,1.0,Win,1,28
25,2002GenvaIrd,Germany,Ireland,6/5/2002,3.0,3.5,11,15,1,3,0,0,0.0,Draw,1,22
26,2002CamvsSa,Cameroon,Saudi Arabia,6/6/2002,2.0,3.0,17,34,1,2,0,0,0.5,Win,17,28
27,2002CamvsGen,Cameroon,Germany,6/11/2002,2.5,3.5,17,11,1,2,1,3,0.0,Loss,17,1
28,2002SAvsIrd,Saudi Arabia,Ireland,6/11/2002,3.0,3.0,34,15,0,0,0,0,0.0,Loss,28,22
29,2002ArgvsNig,Argentina,Nigeria,6/2/2002,3.5,4.5,3,27,2,5,0,1,0.833333,Win,7,16
30,2002EngvsSwe,England,Sweden,6/2/2002,2.5,2.0,12,19,1,4,0,1,0.526316,Draw,4,11
31,2002SewvsNig,Sweden,Nigeria,6/7/2002,2.0,4.0,19,27,0,1,0,1,1.0,Win,11,16
32,2002ArgvsEng,Argentina,England,6/7/2002,3.5,2.5,3,12,2,5,1,4,0.428571,Loss,7,4
33,2002SwevsArg,Sweden,Argentina,6/12/2002,2.5,3.0,19,3,0,1,2,5,0.75,Draw,11,7
34,2002NigvsEng,Nigeria,England,6/12/2002,3.0,3.5,27,12,0,1,1,4,0.25,Draw,16,4
35,2002CrovsMex,Croatia,Mexico,6/3/2002,3.5,4.0,21,7,0,1,0,2,0.666667,Loss,12,18
36,2002ItavsEcu,Italy,Ecuador,6/3/2002,3.0,2.5,6,36,2,5,0,0,1.0,Win,2,29
37,2002ItavsCro,Italy,Croatia,6/8/2002,3.5,3.0,6,21,2,5,0,1,0.4,Loss,2,12
38,2002MexvsEcu,Mexico,Ecuador,6/9/2002,5.0,2.5,7,36,0,2,0,0,0.75,Win,18,29
39,2002MexvsIta,Mexico,Italy,6/13/2002,5.0,2.5,7,6,0,2,2,5,0.2,Draw,18,2
40,2002EcuvsCroatia,Ecuador,Croatia,6/13/2002,1.5,3.5,36,21,0,0,0,1,1.0,Win,29,12
41,2002JapvsBel,Japan,Belgium,6/4/2002,2.5,4.0,32,23,0,0,0,1,0.5,Draw,21,13
42,2002RusvsTun,Russia,Tunisia,6/5/2002,1.5,1.5,28,31,0,0,0,0,1.0,Win,23,27
43,2002japvsRus,Japan,Russia,6/9/2002,2.5,2.5,32,28,0,0,0,0,0.25,Win,21,23
44,2002TunvsBel,Tunisia,Belgium,6/10/2002,1.0,3.5,31,23,0,0,0,1,0.75,Draw,27,13
45,2002TunvsJpa,Tunisia,Japan,6/14/2002,1.0,2.5,31,32,0,0,0,0,0.0,Loss,27,21
46,2002BelvsRussia,Belgium,Russia,6/14/2002,3.5,2.5,23,28,0,1,0,0,0.357143,Win,13,23
47,2002GenvsPara,Germany,Paraguay,6/15/2002,3.5,2.5,11,18,1,3,0,0,1.0,Win,1,24
48,2002MexvsUs,Mexico,United States,6/17/2002,4.5,2.5,7,13,0,2,0,2,0.7,Loss,18,15
49,2002SpavsIrd,Spain,Ireland,6/16/2002,4.0,3.0,8,15,1,4,0,0,0.0,Draw,6,22
50,2002SkvsIta,South Korea,Italy,6/18/2002,3.0,2.0,40,6,0,0,2,5,0.5,Win,20,2
51,2002DenvsEng,Denmark,England,6/15/2002,4.5,3.0,20,12,0,2,1,4,0.2,Loss,9,4
52,2002BravsBel,Brazil,Belgium,6/17/2002,5.0,4.0,2,23,3,7,0,1,0.75,Win,5,13
53,2002SewvsSen,Sweden,Senegal,6/16/2002,2.5,3.0,19,42,0,1,0,2,0.0,Loss,11,19
54,2002JapvsTur,Japan,Turkey,6/18/2002,3.0,2.5,32,22,0,0,0,2,0.5,Loss,21,10
55,2002GenvsUS,Germany,United States,6/21/2002,4.5,2.5,11,13,1,3,0,2,0.714286,Win,1,15
56,2002SpavsSk,Spain,South Korea,6/22/2002,4.5,3.5,8,40,1,4,0,0,0.666667,Draw,6,20
57,2002EngvsBra,England,Brazil,6/21/2002,3.5,5.0,12,2,1,4,3,7,0.333333,Loss,4,5
58,2002SenvsTur,Senegal,Turkey,6/22/2002,4.0,2.5,42,22,0,2,0,2,0.0,Loss,19,10
59,2002GenvsSk,Germany,South Korea,6/25/2002,4.5,4.0,11,40,1,3,0,0,1.0,Win,1,20
60,2002BravsTur,Brazil,Turkey,6/26/2002,5.0,3.5,2,22,3,7,0,2,1.0,Win,5,10
61,2002Final_GenvsBra,Germany,Brazil,6/30/2002,4.5,5.0,11,2,1,3,3,7,0.277778,Loss,1,5
62,2002SkvsTur,South Korea,Turkey,6/29/2002,3.0,3.5,29,22,0,0,0,2,0.125,Loss,20,10
63,2006GervsCoRi,Germany,Costa Rica,6/9/2006,3.5,1.0,19,25,4,5,0,0,1.0,Win,2,28
64,2006PolvsRcu,Poland,Ecuador,6/9/2006,3.0,1.5,29,39,1,1,1,1,0.5,Loss,16,23
65,2006GervsPol,Germany,Poland,6/14/2006,4.5,2.0,19,29,4,5,1,1,0.866667,Win,2,16
66,2006EcuvsCoRi,Ecuador,Costa Rica,6/15/2006,1.5,0.0,39,25,1,1,0,0,0.611111,Win,23,28
67,2006EcuvsGer,Ecuador,Germany,6/20/2006,2.5,4.5,39,19,1,1,4,5,0.0,Loss,23,2
68,2006CoRivsPol,Costa Rica,Poland,6/20/2006,0.0,2.0,25,29,0,0,1,1,0.0,Loss,28,16
69,2006EngvsPar,England,Paraguay,6/10/2006,5.0,2.5,10,33,4,5,1,1,1.0,Win,5,22
70,2006TruTivsSew,Trinidad,Sweden,6/10/2006,1.5,2.0,47,16,0,0,2,2,0.0,Draw,32,11
71,2006EngvsTrito,England,Trinidad,6/15/2006,5.0,1.0,10,47,4,5,0,0,0.0,Win,5,32
72,2006SwevsEng,Sweden,Paraguay,6/15/2006,2.0,2.0,16,33,2,2,1,1,0.5,Win,11,22
73,2006SwevsEng,Sweden,England,6/20/2006,2.5,5.0,16,10,2,2,4,5,0.5,Draw,11,5
74,2006paravsTrinidad,Paraguay,Trinidad,6/20/2006,2.0,0.5,33,47,1,1,0,0,0.0,Win,22,32
75,2006ArgvsLoco,Argentina,Ivory Coast,6/10/2006,2.0,2.5,9,32,5,6,3,3,1.0,Win,9,24
76,2006SeMonvsNet,Serbia,Netherlands,6/11/2006,3.5,3.5,44,3,1,1,4,5,0.0,Loss,29,10
77,2006ArgvsSeMon,Argentina,Serbia,6/16/2006,3.0,2.5,9,44,5,6,1,1,0.75,Win,9,29
78,2006NethvsIvCo,Netherlands,Ivory Coast,6/16/2006,4.5,2.0,3,32,4,5,3,3,1.0,Win,10,24
79,2006NethvsArg,Netherlands,Argentina,6/21/2006,4.5,4.0,3,9,4,5,5,6,0.6875,Draw,10,9
80,2006IvoCovsSer,Ivory Coast,Serbia,6/21/2006,2.0,1.5,32,44,3,3,1,1,1.0,Win,24,29
81,2006MexvsIrn,Mexico,Iran,6/11/2006,3.0,4.5,4,23,2,2,0,0,1.0,Win,12,25
82,2006AngvsPor,Angola,Portugal,6/11/2006,2.0,4.5,57,7,0,0,4,5,0.0,Loss,30,8
83,2006mexvsAng,Mexico,Angola,6/16/2006,3.0,2.0,4,57,2,2,0,0,0.5,Draw,12,30
84,2006PorvsIrn,Portugal,Iran,6/17/2006,4.5,3.5,7,23,4,5,0,0,1.0,Win,8,25
85,2006PorvsMex,Portugal,Mexico,6/21/2006,5.0,2.5,7,4,4,5,2,2,0.75,Win,8,12
86,2006IrnvsAng,Iran,Angola,6/21/2006,2.5,1.5,23,57,0,0,0,0,0.5,Draw,25,30
87,2006UnvsCze,United States,Czech,6/12/2006,2.5,4.5,5,2,1,1,3,4,0.0,Loss,18,7
88,2006ItavsGha,Italy,Ghana,6/12/2006,3.5,2.5,13,48,5,6,2,2,1.0,Win,1,19
89,2006CzevsGha,Czech,Ghana,6/17/2006,4.5,2.5,2,48,3,4,2,2,0.0,Loss,7,19
90,2006ItavsUs,Italy,United States,6/17/2006,3.5,2.5,13,5,5,6,1,1,0.785714,Draw,1,18
91,2006CzevsIta,Czech,Italy,6/22/2006,4.0,3.5,2,13,3,4,5,6,0.0,Loss,7,1
92,2006GhavsUs,Ghana,United States,6/22/2006,3.5,2.5,48,5,2,2,1,1,1.0,Win,19,18
93,2006AusvsJap,Australia,Japan,6/12/2006,4.5,3.0,42,18,1,1,1,1,0.5,Win,17,21
94,2006BravsCro,Brazil,Croatia,6/13/2006,4.5,2.5,1,23,6,8,2,2,0.75,Win,6,14
95,2006JapvsCro,Japan,Croatia,6/18/2006,2.0,1.5,18,23,1,1,2,2,0.5,Draw,21,14
96,2006bravsAus,Brazil,Australia,6/18/2006,5.0,4.5,1,42,6,8,1,1,0.75,Win,6,17
97,2006JapvsBra,Japan,Brazil,6/22/2006,2.5,5.0,18,1,1,1,6,8,0.125,Loss,21,6
98,2006CrvsAus,Croatia,Australia,6/22/2006,1.0,3.5,23,42,2,2,1,1,0.4,Draw,14,17
99,2006SkvsTo,South Korea,Togo,6/13/2006,3.0,1.0,29,61,1,1,1,1,1.0,Win,20,27
100,2006FravsSwi,France,Switzerland,6/13/2006,3.5,3.0,8,35,5,6,1,1,0.541667,Draw,3,13
101,2006FravsSk,France,South Korea,6/18/2006,3.5,3.0,8,29,5,6,1,1,0.833333,Draw,3,20
102,2006TovsSwi,Togo,Switzerland,6/19/2006,1.0,3.5,61,35,1,1,1,1,0.0,Loss,27,13
103,2006TovaFra,Togo,France,6/23/2006,1.0,4.0,61,8,1,1,5,6,0.0,Loss,27,3
104,2006SwivsSk,Switzerland,South Korea,6/23/2006,3.5,3.0,35,29,1,1,1,1,1.0,Win,13,20
105,2006SpavsUk,Spain,Ukraine,6/14/2006,4.0,4.0,5,45,4,5,2,2,0.833333,Win,4,15
106,2006TunvsSa,Tunisia,Saudi Arabia,6/14/2006,2.0,1.0,21,34,0,0,0,0,0.642857,Draw,26,31
107,2006SAvsUk,Saudi Arabia,Ukraine,6/19/2006,1.5,3.5,34,45,0,0,2,2,0.0,Loss,31,15
108,2006SpavsTun,Spain,Tunisia,6/19/2006,4.5,2.5,5,21,4,5,0,0,1.0,Win,4,26
109,2006SAvspai,Saudi Arabia,Spain,6/23/2006,1.5,4.5,34,5,0,0,4,5,0.0,Loss,31,4
110,2006UkvsTun,Ukraine,Tunisia,6/23/2006,3.5,2.0,45,21,2,2,0,0,1.0,Win,15,26
111,2006GervsSWe,Germany,Sweden,6/24/2006,4.5,3.0,19,16,4,5,2,2,0.515625,Win,2,11
112,2006ArgvsMex,Argentina,Mexico,6/24/2006,3.5,1.5,9,4,5,6,2,2,0.604167,Win,9,12
113,2006ItavsAus,Italy,Australia,6/26/2006,3.5,3.0,13,42,5,6,1,1,1.0,Win,1,17
114,2006SwivsUK,Switzerland,Ukraine,6/26/2006,4.0,4.0,35,45,1,1,2,2,0.5,Draw,13,15
115,2006EngvsEcu,England,Ecuador,6/25/2006,4.5,2.5,10,39,4,5,1,1,1.0,Win,5,23
116,2006PorvsNeth,Portugal,Netherlands,6/25/2006,5.0,4.0,7,3,4,5,4,5,0.75,Win,8,10
117,2006BravsGha,Brazil,Ghana,6/27/2006,5.0,4.0,1,48,6,8,2,2,1.0,Win,6,19
118,2006SpavsFra,Spain,France,6/27/2006,5.0,4.0,5,8,4,5,5,6,0.5,Loss,4,3
119,2006GervsArg,Germany,Argentina,6/30/2006,5.0,4.5,19,9,4,5,5,6,0.441176,Draw,2,9
120,2006ItavsUk,Italy,Ukraine,6/30/2006,4.0,3.5,13,45,5,6,2,2,0.875,Win,1,15
121,2006EngvsPor,England,Portugal,7/1/2006,4.5,5.0,10,7,4,5,4,5,0.642857,Draw,5,8
122,2006BravsFra,Brazil,France,7/1/2006,5.0,4.0,1,8,6,8,5,6,0.583333,Loss,6,3
123,2006GervsIta,Germany,Italy,7/4/2006,4.5,4.5,19,13,4,5,5,6,0.392857,Loss,2,1
124,2006PorvsFra,Portugal,France,7/5/2006,4.5,4.0,7,8,4,5,5,6,0.289474,Loss,8,3
125,2006Final_ItavsFra,Italy,France,7/9/2006,4.5,4.5,13,8,5,6,5,6,0.636364,Draw,1,3
126,2006GervsPor,Germany,Portugal,7/8/2006,3.5,3.5,19,7,4,5,4,5,0.607143,Win,2,8
127,2010SFvsMex,South Africa,Mexico,6/11/2010,4.5,3.0,83,17,0,0,1,2,0.375,Draw,29,14
128,2010UrgvsFra,Uruguay,France,6/11/2010,3.5,2.0,16,9,1,2,2,3,0.583333,Draw,7,13
129,2010SFvsUrg,South Africa,Uruguay,6/16/2010,4.0,4.0,83,16,0,0,1,2,0.166667,Loss,29,7
130,2010FravsMex,France,Mexico,6/17/2010,2.0,2.5,9,17,2,3,1,2,0.785714,Loss,13,14
131,2010MexvsUrg,Mexico,Uruguay,6/22/2010,3.5,4.0,17,16,1,2,1,2,0.583333,Loss,14,7
132,2010FravsSUF,France,South Africa,6/22/2010,2.0,3.5,9,83,2,3,0,0,0.625,Loss,13,29
133,2010SKvsGree,South Korea,Greece,6/12/2010,3.0,2.0,47,13,0,1,0,1,0.833333,Win,20,19
134,2010ArgvsNidg,Argentina,Nigeria,6/12/2010,5.0,4.0,7,21,2,4,1,2,0.875,Win,15,31
135,2010ArgvsSK,Argentina,South Korea,6/17/2010,5.0,3.0,7,47,2,4,0,1,1.0,Win,15,20
136,2010GreevsNig,Greece,Nigeria,6/17/2010,1.5,3.0,13,21,0,1,1,2,0.666667,Win,19,31
137,2010NigvsSK,Nigeria,South Korea,6/22/2010,2.0,2.0,21,47,1,2,0,1,0.25,Draw,31,20
138,2010GreevsArg,Greece,Argentina,6/22/2010,1.5,5.0,13,7,0,1,2,4,0.0,Loss,19,15
139,2010EngvsUs,England,United States,6/12/2010,4.0,3.0,8,14,2,4,1,1,0.75,Draw,12,15
140,2010AlgvsSlov,Algeria,Slovenia,6/13/2010,1.0,4.0,30,25,0,0,0,0,0.0,Loss,22,23
141,2010SlovsUs,Slovenia,United States,6/18/2010,4.0,2.5,25,14,0,0,1,1,0.5,Draw,23,15
142,2010EngvsAlg,England,Algeria,6/18/2010,3.5,1.0,8,30,2,4,0,0,0.5,Draw,12,22
143,2010SlovsEng,Slovenia,England,6/23/2010,4.5,4.0,25,8,0,0,2,4,0.0,Loss,23,12
144,2010USvsAlg,United States,Algeria,6/23/2010,3.0,1.5,14,30,1,1,0,0,1.0,Win,15,22
145,2010ServsGha,Serbia,Ghana,6/13/2010,3.5,2.0,15,32,0,1,1,2,0.5,Loss,25,16
146,2010GervsAus,Germany,Australia,6/13/2010,3.5,3.5,6,20,2,4,0,1,1.0,Win,11,9
147,2010GervsSer,Germany,Serbia,6/18/2010,4.0,2.5,6,15,2,4,0,1,0.625,Loss,11,25
148,2010GhavsAus,Ghana,Australia,6/19/2010,2.0,3.0,32,20,1,2,0,1,0.285714,Draw,16,9
149,2010GhavsGer,Ghana,Germany,6/23/2010,2.5,4.0,32,6,1,2,2,4,0.0,Loss,16,11
150,2010AusvsSer,Australia,Serbia,6/23/2010,2.5,2.5,20,15,0,1,0,1,1.0,Win,9,25
151,2010NethvsDen,Netherlands,Denmark,6/14/2010,4.5,2.0,4,36,3,5,1,2,0.566667,Win,4,21
152,2010JapvsCam,Japan,Cameroon,6/14/2010,1.0,1.5,45,19,0,0,1,2,0.875,Win,25,17
153,2010NethvsJap,Netherlands,Japan,6/19/2010,5.0,1.0,4,45,3,5,0,0,1.0,Win,4,25
154,2010CamvsDen,Cameroon,Denmark,6/19/2010,1.0,1.0,19,36,1,2,1,2,0.333333,Loss,17,21
155,2010DenvsJap,Denmark,Japan,6/24/2010,2.0,1.0,36,45,1,2,0,0,0.5,Loss,21,25
156,2010CamvsNeth,Cameroon,Netherlands,6/24/2010,0.5,5.0,19,4,1,2,3,5,0.166667,Loss,17,4
157,2010ItavsPara,Italy,Paraguay,6/14/2010,2.5,3.0,5,31,2,3,0,1,0.833333,Draw,9,18
158,2010NzvsSlo,New Zealand,Slovakia,6/15/2010,2.0,2.5,78,34,0,0,0,0,0.5,Draw,30,26
159,2010SlovsPara,Slovakia,Paraguay,6/20/2010,2.0,3.0,34,31,0,0,0,1,0.0,Loss,26,18
160,2010ItavsNz,Italy,New Zealand,6/20/2010,2.5,1.5,5,78,2,3,0,0,0.75,Draw,9,30
161,2010SlovsIta,Slovakia,Italy,6/24/2010,2.0,2.0,34,5,0,0,2,3,0.5,Win,26,9
162,2010ParavsNw,Paraguay,New Zealand,6/24/2010,3.0,2.0,31,78,0,1,0,0,0.75,Draw,18,30
163,2010IvovsPor,Ivory Coast,Portugal,6/15/2010,2.5,4.5,27,3,2,3,2,4,0.5,Draw,18,8
164,2010BravsNk,Brazil,North Korea,6/15/2010,5.0,1.0,1,105,3,6,0,0,1.0,Win,2,28
165,2010BravsIvo,Brazil,Ivory Coast,6/20/2010,5.0,2.0,1,27,3,6,2,3,1.0,Win,2,18
166,2010PorvsNk,Portugal,North Korea,6/21/2010,4.0,1.0,3,105,2,4,0,0,1.0,Win,8,28
167,2010PorvsBra,Portugal,Brazil,6/25/2010,4.0,5.0,3,1,2,4,3,6,0.275,Draw,8,2
168,2010NKvsLov,North Korea,Ivory Coast,6/25/2010,0.5,2.0,105,27,0,0,2,3,0.0,Loss,28,18
169,2010HonvsChile,Honduras,Chile,6/16/2010,1.0,4.0,38,18,0,0,1,2,0.333333,Loss,27,19
170,2010SpavsSwi,Spain,Switzerland,6/16/2010,5.0,1.0,2,24,4,6,0,1,0.868421,Loss,1,24
171,2010ChivsSwi,Chile,Switzerland,6/21/2010,4.0,1.5,18,24,1,2,0,1,0.5,Win,19,24
172,2010SpavsHon,Spain,Honduras,6/21/2010,4.0,1.0,2,38,4,6,0,0,0.75,Win,1,27
173,2010ChilvsSpa,Chile,Spain,6/25/2010,5.0,4.0,18,2,1,2,4,6,0.0625,Loss,19,1
174,2010SwivsHon,Switzerland,Honduras,6/25/2010,1.5,1.0,24,38,0,1,0,0,0.5,Draw,24,27
175,2010UrgvsSk,Uruguay,South Korea,6/26/2010,4.5,1.5,16,47,1,2,0,1,0.916667,Win,7,20
176,2010UsvsGha,United States,Ghana,6/26/2010,4.0,2.5,14,32,1,1,1,2,0.0,Loss,15,16
177,2010NethvsSlo,Netherlands,Slovakia,6/28/2010,5.0,3.0,4,34,3,5,0,0,1.0,Win,4,26
178,2010BravsChil,Brazil,Chile,6/28/2010,4.5,4.0,1,18,3,6,1,2,0.807692,Win,2,19
179,2010ArgvsMex,Argentina,Mexico,6/27/2010,5.0,3.5,7,17,2,4,1,2,0.648148,Win,15,14
180,2010GervsEng,Germany,England,6/27/2010,4.0,4.0,6,8,2,4,2,4,0.482143,Win,11,12
181,2010ParavsJap,Paraguay,Japan,6/29/2010,3.5,2.0,31,45,0,1,0,0,0.571429,Draw,18,25
182,2010SpavsPor,Spain,Portugal,6/29/2010,4.0,4.0,2,3,4,6,2,4,0.617647,Win,1,8
183,2010UruvsGha,Uruguay,Ghana,7/2/2010,4.5,3.5,16,32,1,2,1,2,0.0,Draw,7,16
184,2010NethvsBra,Netherlands,Brazil,7/2/2010,5.0,4.5,4,1,3,5,3,6,0.444444,Win,4,2
185,2010ArgvsGer,Argentina,Germany,7/3/2010,5.0,4.0,7,6,2,4,2,4,0.583333,Loss,15,11
186,2010ParavsSpa,Paraguay,Spain,7/3/2010,3.5,4.0,31,2,0,1,4,6,0.333333,Loss,18,1
187,2010UrgvsNeth,Uruguay,Netherlands,7/6/2010,4.0,5.0,16,4,1,2,3,5,0.75,Loss,7,4
188,2010GervsSpa,Germany,Spain,7/7/2010,4.0,4.0,6,2,2,4,4,6,0.55,Loss,11,1
189,2010_Final_NethvsSpa,Netherlands,Spain,7/11/2010,5.0,5.0,4,2,3,5,4,6,0.5,Loss,4,1
190,2010UruvsGer,Uruguay,Germany,7/10/2010,3.5,3.0,7,6,1,2,2,4,0.222222,Loss,7,11
191,2014BravsCro,Brazil,Croatia,6/12/2014,5.0,4.0,3,18,2,5,0,1,0.833333,Win,5,18
192,2014ChivsAus,Chile,Australia,6/13/2014,3.0,2.5,14,62,1,2,0,0,0.875,Win,14,32
193,2014MexvsCam,Mexico,Cameroon,6/13/2014,3.0,2.5,20,56,0,1,0,0,1.0,Win,15,31
194,2014SpavsNeth,Spain,Netherlands,6/13/2014,4.0,3.0,1,15,3,6,2,4,0.5,Loss,3,7
195,2014Comvsgree,Colombia,Greece,6/14/2014,3.5,2.5,8,12,1,2,0,1,1.0,Win,12,17
196,2014EngvsIta,England,Italy,6/14/2014,3.0,2.0,10,9,1,2,1,2,0.46,Loss,10,2
197,2014IvovsJap,Ivory Coast,Japan,6/14/2014,3.0,5.0,23,46,1,2,0,1,0.5,Win,25,27
198,2014UruvsCoRi,Uruguay,Costa Rica,6/14/2014,4.0,0.5,7,28,1,2,0,1,0.75,Loss,13,20
199,2014ArgvsBos,Argentina,Bosnia,6/15/2014,4.0,3.0,5,21,2,4,0,1,0.0,Win,6,19
200,2014FravsHon,France,Honduras,6/15/2014,4.5,1.5,17,33,1,3,0,0,1.0,Win,4,30
201,2014SwivsEcu,Switzerland,Ecuador,6/15/2014,3.5,2.5,6,26,0,1,0,1,1.0,Win,11,22
202,2014GervsPor,Germany,Portugal,6/16/2014,4.0,4.5,2,4,2,4,1,3,0.694444,Win,1,8
203,2014GhavsUs,Ghana,United States,6/16/2014,2.0,3.0,37,13,0,1,0,1,0.666667,Loss,24,16
204,2014IravsNig,Iran,Nigeria,6/16/2014,2.5,2.5,43,44,0,0,0,1,0.25,Draw,29,23
205,2014BelvsAlge,Belgium,Algeria,6/17/2014,3.5,4.0,11,22,1,3,0,1,0.833333,Win,9,26
206,2014BravsMex,Brazil,Mexico,6/17/2014,5.0,3.0,3,20,2,5,0,1,0.653846,Draw,5,15
207,2014RusvsSK,Russia,South Korea,6/17/2014,4.5,1.0,19,57,0,1,0,0,0.75,Draw,21,28
208,2014AusvsNeth,Australia,Netherlands,6/18/2014,1.5,3.5,62,15,0,0,2,4,0.5,Loss,32,7
209,2014CamvsCro,Cameroon,Croatia,6/18/2014,2.5,3.5,56,18,0,0,0,1,0.0,Loss,31,18
210,2014SpavsChi,Spain,Chile,6/18/2014,3.0,3.0,1,14,3,6,1,2,0.818182,Loss,3,14
211,2014ColovsIvo,Colombia,Ivory Coast,6/19/2014,3.5,3.0,8,23,1,2,1,2,1.0,Win,12,25
212,2014JapvsGreece,Japan,Greece,6/19/2014,4.0,2.0,46,12,0,1,0,1,0.75,Draw,27,17
213,2014UruvsEng,Uruguay,England,6/19/2014,3.0,3.0,7,10,1,2,1,2,0.590909,Win,13,10
214,2014HonvsEcu,Honduras,Ecuador,6/20/2014,1.0,2.0,33,26,0,0,0,1,0.416667,Loss,30,22
215,2014ItavsCoRi,Italy,Costa Rica,6/20/2014,2.5,1.5,9,28,1,2,0,1,0.5,Loss,2,20
216,2014SwivsFra,Switzerland,France,6/20/2014,3.5,4.5,6,17,0,1,1,3,0.445946,Loss,11,4
217,2014ArgvsIra,Argentina,Iran,6/21/2014,4.5,3.0,5,43,2,4,0,0,0.75,Win,6,29
218,2014GervsGha,Germany,Ghana,6/21/2014,4.0,2.0,2,37,2,4,0,1,0.833333,Draw,1,24
219,2014NigvsBos,Nigeria,Bosnia,6/21/2014,2.5,2.0,44,21,0,1,0,1,0.0,Win,23,19
220,2014BelvsRus,Belgium,Russia,6/22/2014,4.5,4.0,11,19,1,3,0,1,0.5,Win,9,21
221,2014SkvsAlg,South Korea,Algeria,6/22/2014,1.5,4.0,57,22,0,0,0,1,0.333333,Loss,28,26
222,2014UsvsPor,United States,Portugal,6/22/2014,4.0,3.5,13,4,0,1,1,3,0.5,Draw,16,8
223,2014AusvsSpa,Australia,Spain,6/23/2014,0.5,3.0,62,1,0,0,3,6,0.0,Loss,32,3
224,2014BravsCam,Brazil,Cameroon,6/23/2014,4.5,1.5,3,56,2,5,0,0,0.8,Win,5,31
225,2014CrovsMex,Croatia,Mexico,6/23/2014,3.5,2.5,18,20,0,1,0,1,0.5,Loss,18,15
226,2014NethvaChi,Netherlands,Chile,6/23/2014,4.5,3.0,15,14,2,4,1,2,0.75,Win,7,14
227,2014CoRivsEng,Costa Rica,England,6/24/2014,2.5,2.0,28,10,0,1,1,2,0.5,Draw,20,10
228,2014GrevsIo,Greece,Ivory Coast,6/24/2014,2.5,2.5,12,23,0,1,1,2,1.0,Win,17,25
229,2014ItavsUrg,Italy,Uruguay,6/24/2014,2.0,3.0,9,7,1,2,1,2,0.4,Loss,2,13
230,2014JapvsCol,Japan,Colombia,6/24/2014,3.5,4.0,46,8,0,1,1,2,0.166667,Loss,27,12
231,2014BosvsIr,Bosnia,Iran,6/25/2014,2.0,2.5,21,43,0,1,0,0,0.0,Win,19,29
232,2014EcuvsFra,Ecuador,France,6/25/2014,2.0,4.5,26,17,0,1,1,3,0.25,Draw,22,4
233,2014HonvsSwi,Honduras,Switzerland,6/25/2014,1.0,3.5,33,6,0,0,0,1,0.25,Loss,30,11
234,2014NigvsArg,Nigeria,Argentina,6/25/2014,2.5,4.5,44,5,0,1,2,4,0.214286,Loss,23,6
235,2014AlgvsRuss,Algeria,Russia,6/26/2014,4.0,3.0,22,19,0,1,0,1,0.5,Draw,26,21
236,2014SKvsBel,South Korea,Belgium,6/26/2014,1.5,5.0,57,11,0,0,1,3,0.125,Loss,28,9
237,2014PorvsGha,Portugal,Ghana,6/26/2014,3.0,1.5,4,37,1,3,0,1,1.0,Win,8,24
238,2014UsvsGer,United States,Germany,6/26/2014,3.5,3.5,13,2,0,1,2,4,0.3,Loss,16,1
239,2014BravsChi,Brazil,Chile,6/28/2014,4.5,3.0,3,14,2,5,1,2,0.801471,Draw,5,14
240,2014ColvsUrg,Colombia,Uruguay,6/28/2014,4.5,3.5,8,7,1,2,1,2,0.423077,Win,12,13
241,2014CoRIivsGree,Costa Rica,Greece,6/29/2014,3.0,3.0,28,12,0,1,0,1,0.5,Draw,20,17
242,2014NethvsMex,Netherlands,Mexico,6/29/2014,5.0,2.5,15,20,2,4,0,1,0.642857,Win,7,15
243,2014FravsNig,France,Nigeria,6/30/2014,4.0,2.0,17,44,1,3,0,1,0.5,Win,4,23
244,2014GervsAlg,Germany,Algeria,6/30/2014,4.0,3.5,2,22,2,4,0,1,0.333333,Win,1,26
245,2014ArgvsSwi,Argentina,Switzerland,7/1/2014,5.0,4.0,5,6,2,4,0,1,0.833333,Win,6,11
246,2014BelvsUs,Belgium,United States,7/1/2014,5.0,3.5,11,13,1,3,0,1,0.833333,Win,9,16
247,2014BravsCol,Brazil,Colombia,7/4/2014,4.0,5.0,3,8,2,5,1,2,0.76,Win,5,12
248,2014FracsGer,France,Germany,7/4/2014,4.5,4.5,17,2,1,3,2,4,0.56,Loss,4,1
249,2014ArgvsBel,Argentina,Belgium,7/5/2014,5.0,5.0,5,11,2,4,1,3,0.75,Win,6,9
250,2014NethvsCoRi,Netherlands,Costa Rica,7/5/2014,5.0,3.5,15,28,2,4,0,1,0.0,Draw,7,20
251,2014BravsGer,Brazil,Germany,7/8/2014,4.0,4.5,3,2,2,5,2,4,0.690476,Loss,5,1
252,2014NethvsArg,Netherlands,Argentina,7/9/2014,4.5,5.0,15,5,2,4,2,4,0.6875,Draw,7,6
253,2014BravsNeth,Brazil,Netherlands,7/12/2014,3.0,4.0,3,15,2,5,2,4,0.5,Loss,5,7
254,2014GervsArg,Germany,Argentina,7/13/2014,4.5,4.5,2,5,2,4,2,4,0.425,Win,1,6
255,2018RussvsSA,Russia,Saudi Arabia,6/14/2018,1.0,2.0,70,67,1,1,0,0,0.5,Win,19,31
256,2018EgyvsUru,Egypt,Uruguay,6/15/2018,1.0,3.5,45,14,2,2,3,4,0.0,Loss,20,10
257,2018MorovsIran,Morocco,Iran,6/15/2018,4.5,3.0,41,37,1,1,1,0,0.333333,Loss,22,26
258,2018PorvsSpa,Portugal,Spain,6/15/2018,3.0,3.5,4,10,3,4,6,9,0.405405,Draw,8,3
259,2018FravsAus,France,Australia,6/16/2018,3.5,3.5,7,36,6,8,1,0,0.7,Win,5,29
260,2018ArgvsIce,Argentina,Iceland,6/16/2018,3.0,1.5,5,22,4,5,1,0,0.5,Draw,7,30
261,2018PervsDen,Peru,Denmark,6/16/2018,4.5,3.0,11,12,1,1,2,2,0.0,Loss,23,18
262,2018CrovsNig,Croatia,Nigeria,6/16/2018,2.5,1.5,20,48,4,5,2,2,1.0,Win,13,21
263,2018CoRivsSer,Costa Rica,Serbia,6/17/2018,2.0,2.5,23,34,2,2,1,1,0.0,Loss,11,27
264,2018GervsMex,Germany,Mexico,6/17/2018,2.0,2.5,1,15,6,9,2,2,0.625,Loss,2,14
265,2018BravsSwi,Brazil,Switzerland,6/17/2018,4.5,4.0,2,6,7,10,2,3,0.555556,Draw,4,6
266,2018SwevsSK,Sweden,South Korea,6/18/2018,2.0,1.5,24,57,2,2,2,2,0.75,Win,15,25
267,2018BelvsPan,Belgium,Panama,6/18/2018,4.5,1.5,3,55,6,8,0,0,1.0,Win,1,32
268,2018TunvsEng,Tunisia,England,6/18/2018,3.0,4.0,21,12,1,0,4,6,0.166667,Loss,28,9
269,2018ColvsJap,Colombia,Japan,6/19/2018,3.0,1.5,16,61,3,4,1,1,0.625,Loss,16,24
270,2018PanvsSen,Poland,Senegal,6/19/2018,2.5,2.5,8,27,2,2,2,2,0.0,Loss,12,17
271,2018RusvsEgy,Russia,Egypt,6/19/2018,1.5,1.0,70,45,1,1,2,2,1.0,Win,19,20
272,2018PorvsMoro,Portugal,Morocco,6/20/2018,2.5,3.5,4,41,3,4,1,1,0.5,Win,8,22
273,2018UruvsSA,Uruguay,Saudi Arabia,6/20/2018,4.0,1.0,14,67,3,4,0,0,0.5,Win,10,31
274,2018IravsSpa,Iran,Spain,6/20/2018,4.0,3.5,37,10,1,0,6,9,0.0,Loss,26,3
275,2018DenvsAus,Denmark,Australia,6/21/2018,4.0,2.5,12,36,2,2,1,0,0.625,Draw,18,29
276,2018FravsPer,France,Peru,6/21/2018,4.5,3.5,7,11,6,8,1,1,0.5,Win,5,23
277,2018ArgvsCro,Argentina,Croatia,6/21/2018,2.5,3.0,5,20,4,5,4,5,0.5,Loss,7,13
278,2018BravsCoRi,Brazil,Costa Rica,6/22/2018,4.5,1.0,2,23,7,10,2,2,0.909091,Win,4,11
279,2018NigvsIce,Nigeria,Iceland,6/22/2018,0.5,1.0,48,22,2,2,1,0,0.5,Win,21,30
280,2018ServsSwi,Serbia,Switzerland,6/22/2018,3.0,4.0,34,6,1,1,2,3,0.5,Loss,27,6
281,2018BelvsTun,Belgium,Tunisia,6/23/2018,4.5,2.0,3,21,6,8,1,0,0.625,Win,1,28
282,2018SKvsMex,South Korea,Mexico,6/23/2018,1.5,2.5,57,15,2,2,2,2,0.333333,Loss,25,14
283,2018GervsSwe,Germany,Sweden,6/23/2018,1.5,2.0,1,24,6,9,2,2,0.554054,Win,2,15
284,2018EngvsPan,England,Panama,6/24/2018,4.5,1.5,12,55,4,6,0,0,1.0,Win,9,32
285,2018JapvsSen,Japan,Senegal,6/24/2018,2.0,3.0,61,27,1,1,2,2,0.25,Draw,24,17
286,2018PolvsCol,Poland,Colombia,6/24/2018,2.5,3.0,8,16,2,2,3,4,0.333333,Loss,12,16
287,2018RusvsUru,Russia,Uruguay,6/25/2018,2.5,5.0,70,14,1,1,3,4,0.722222,Loss,19,10
288,2018SAvsEgy,Saudi Arabia,Egypt,6/25/2018,0.0,1.0,67,45,0,0,2,2,0.357143,Win,31,20
289,2018SpavsMor,Spain,Morocco,6/25/2018,4.0,2.5,10,41,6,9,1,1,0.833333,Draw,3,22
290,2018IravsPor,Iran,Portugal,6/25/2018,3.0,3.5,37,4,1,0,3,4,0.166667,Draw,26,8
291,2018AusvsPer,Australia,Peru,6/26/2018,3.0,2.5,36,11,1,0,1,1,0.0,Loss,29,23
292,2018DenvsFra,Denmark,France,6/26/2018,3.5,4.5,12,7,2,2,6,8,0.4,Draw,18,5
293,2018NigvsArg,Nigeria,Argentina,6/26/2018,1.5,2.5,48,5,2,2,4,5,0.277778,Loss,21,7
294,2018IcevsCro,Iceland,Croatia,6/26/2018,1.0,4.0,22,20,1,0,4,5,0.214286,Loss,30,13
295,2018SKvsGer,South Korea,Germany,6/27/2018,0.5,2.0,57,1,2,2,6,9,0.5,Win,25,2
296,2018MexvsSwe,Mexico,Sweden,6/27/2018,3.5,2.0,15,24,2,2,2,2,0.35,Loss,14,15
297,2018ServsBra,Serbia,Brazil,6/27/2018,3.0,4.5,34,2,1,1,7,10,0.1,Loss,27,4
298,2018SwivsCoRi,Switzerland,Costa Rica,6/27/2018,4.0,1.0,6,23,2,3,2,2,0.5,Draw,6,11
299,2018JapvsPol,Japan,Poland,6/28/2018,2.5,2.5,61,8,1,1,2,2,0.666667,Loss,24,12
300,2018SenvsCol,Senegal,Colombia,6/28/2018,3.0,3.0,27,16,2,2,3,4,0.166667,Loss,17,16
301,2018PanvsTus,Panama,Tunisia,6/28/2018,1.5,1.0,55,21,0,0,1,0,0.0,Loss,32,28
302,2018EngvsBel,England,Belgium,7/14/2018,2.5,4.0,12,3,4,6,6,8,0.804348,Loss,9,1
303,2018FravsArg,France,Argentina,6/30/2018,4.0,2.5,7,5,6,8,4,5,0.375,Win,5,7
304,2018UruvsPor,Uruguay,Portugal,6/30/2018,5.0,3.5,14,4,3,4,3,4,0.5,Win,10,8
305,2018RusvsSpa,Russia,Spain,7/1/2018,2.5,3.5,70,10,1,1,6,9,0.272727,Draw,19,3
306,2018CrovsDen,Croatia,Denmark,7/1/2018,4.0,3.5,20,12,4,5,2,2,0.5,Draw,13,18
307,2018BravsMex,Brazil,Mexico,7/2/2018,4.5,3.0,2,15,7,10,2,2,0.6625,Win,4,14
308,2018BelvsJap,Belgium,Japan,7/2/2018,5.0,2.5,3,61,6,8,1,1,0.4,Win,1,24
309,2018SwevsSwi,Sweden,Switzerland,7/3/2018,3.0,3.5,24,6,2,2,2,3,0.482143,Win,15,6
310,2018ColvsEng,Colombia,England,7/3/2018,3.0,4.0,16,12,3,4,4,6,0.2,Draw,16,9
311,218UruvsFra,Uruguay,France,7/6/2018,5.0,4.0,14,7,3,4,6,8,0.625,Loss,10,5
312,2018BravsBel,Brazil,Belgium,7/6/2018,4.5,5.0,2,3,7,10,6,8,0.75,Loss,4,1
313,2018SwevsEng,Sweden,England,7/7/2018,3.5,3.5,24,12,2,2,4,6,0.479167,Loss,15,9
314,2018RusvsCro,Russia,Croatia,7/7/2018,3.0,4.5,70,20,1,1,4,5,0.333333,Draw,19,13
315,2018FravsBel,France,Belgium,7/10/2018,4.5,5.0,7,3,6,8,6,8,0.458904,Win,5,1
316,2018CrovsEng,Croatia,England,7/11/2018,4.0,3.5,20,12,4,5,4,6,0.357143,Win,13,9
317,2018BelvsEng,Belgium,England,7/14/2018,4.0,2.5,3,12,6,8,4,6,0.195652,Win,1,9
318,2018_Final_FravsCro,France,Croatia,7/15/2018,4.5,4.0,7,20,6,8,4,5,0.8,Win,5,13
319,2022QatvsEcu,Qatar,Ecuador,11/20/2022,4.5,3.0,50,44,0,1,1,2,0.5,Loss,32,23
320,2022SenvsNeth,Senegal,Netherlands,11/21/2022,2.5,4.5,18,8,1,3,2,5,0.0,Loss,15,8
321,2022QatvsSen,Qatar,Senegal,11/25/2022,4.0,2.0,50,18,0,1,1,3,0.0,Loss,32,15
322,2022NethvsEcu,Netherlands,Ecuador,11/25/2022,4.5,3.5,8,44,2,5,1,2,0.75,Draw,8,23
323,2022EcuvsSen,Ecuador,Senegal,11/29/2022,3.0,3.0,44,18,1,2,1,3,0.0,Loss,23,15
324,2022NethvsQat,Netherlands,Qatar,11/29/2022,4.5,3.0,8,50,2,5,0,1,0.0,Win,8,32
325,2022EngvsIra,England,Iran,11/21/2022,1.5,2.5,5,20,2,6,0,1,0.0,Win,9,30
326,2022UsvsWal,United States,Wales,11/21/2022,2.5,0.5,16,19,1,3,1,2,0.75,Draw,17,22
327,2022WalvsIra,Wales,Iran,11/25/2022,1.0,2.5,19,20,1,2,0,1,1.0,Loss,22,30
328,2022EngvsUs,England,United States,11/25/2022,2.0,2.5,5,16,2,6,1,3,0.772727,Draw,9,17
329,2022WalsvsEng,Wales,England,11/29/2022,0.5,2.0,19,5,1,2,2,6,0.271084,Loss,22,9
330,2022IravsUs,Iran,United States,11/29/2022,2.5,2.0,20,16,0,1,1,3,0.75,Loss,30,17
331,2022ArgvsSA,Argentina,Saudi Arabia,11/22/2022,5.0,2.5,3,51,3,6,0,1,0.75,Loss,5,31
332,2022MexvsPol,Mexico,Poland,11/22/2022,2.0,2.5,13,26,1,3,1,2,0.5,Draw,18,13
333,2022PolvsSA,Poland,Saudi Arabia,11/26/2022,2.5,3.0,26,51,1,2,0,1,1.0,Win,13,31
334,2022ArgvsMex,Argentina,Mexico,11/26/2022,4.0,2.5,3,13,3,6,1,3,0.677419,Win,5,18
335,2022PolvsArg,Poland,Argentina,11/30/2022,3.5,4.0,26,3,1,2,3,6,0.363636,Loss,13,5
336,2022SAvsMex,Saudi Arabia,Mexico,11/30/2022,2.5,1.5,51,13,0,1,1,3,0.1,Loss,31,18
337,2022DenvsTun,Denmark,Tunisia,11/22/2022,3.0,4.0,10,30,1,4,0,1,1.0,Draw,14,25
338,2022FravsAus,France,Australia,11/22/2022,2.0,4.5,4,38,4,8,0,1,0.7,Win,4,29
339,2022TunvsAus,Tunisia,Australia,11/26/2022,3.5,3.5,30,38,0,1,0,1,1.0,Loss,25,29
340,2022FravsDen,France,Denmark,11/26/2022,2.5,2.5,4,10,4,8,1,4,0.529412,Win,4,14
341,2022AusvsDen,Australia,Denmark,11/30/2022,3.5,2.5,38,10,0,1,1,4,0.375,Win,29,14
342,2022TunvsFra,Tunisia,France,11/30/2022,2.5,3.0,30,4,0,1,4,8,0.25,Win,25,4
343,2022GervsJap,Germany,Japan,11/23/2022,3.0,3.0,11,24,2,6,0,2,0.75,Loss,2,20
344,2022SpavsCoRi,Spain,Costa Rica,11/23/2022,4.0,4.5,7,31,2,6,1,2,0.833333,Win,6,24
345,2022JapvsCoRi,Japan,Costa Rica,11/27/2022,3.5,3.5,24,31,0,2,1,2,0.875,Loss,20,24
346,2022SpavsGer,Spain,Germany,11/27/2022,4.0,2.5,7,11,2,6,2,6,0.48,Draw,6,2
347,2022JapvsSpa,Japan,Spain,12/1/2022,2.5,3.5,24,7,0,2,2,6,0.0,Win,20,6
348,2022CoRivsGer,Costa Rica,Germany,12/1/2022,3.5,2.0,31,11,1,2,2,6,0.0,Loss,24,2
349,2022MorvsCro,Morocco,Croatia,12/17/2022,3.5,2.5,22,12,1,3,2,4,0.5,Draw,16,10
350,2022BelvsCan,Belgium,Canada,11/23/2022,2.5,2.5,2,41,3,7,1,2,1.0,Win,1,28
351,2022BelvsMor,Belgium,Morocco,11/27/2022,3.0,4.0,2,22,3,7,1,3,0.666667,Loss,1,16
352,2022CrovsCan,Croatia,Canada,11/27/2022,4.5,2.5,12,41,2,4,1,2,0.0,Win,10,28
353,2022CrovsBel,Croatia,Belgium,12/1/2022,4.5,2.0,12,2,2,4,3,7,0.5,Draw,10,1
354,2022CanvsMor,Canada,Morocco,12/1/2022,1.5,4.0,41,22,1,2,1,3,0.166667,Loss,28,16
355,2022SwivsCam,Switzerland,Cameroon,11/24/2022,3.0,2.0,15,43,1,3,1,2,0.0,Win,12,26
356,2022BravsSer,Brazil,Serbia,11/24/2022,5.0,4.5,1,21,4,9,1,3,0.9,Win,3,19
357,2022CamvsSer,Cameroon,Serbia,11/28/2022,1.0,3.5,43,21,1,2,1,3,0.0,Draw,26,19
358,2022BravsSwi,Brazil,Switzerland,11/28/2022,5.0,4.0,1,15,4,9,1,3,0.555556,Win,3,12
359,2022ServsSwi,Serbia,Switzerland,12/2/2022,3.5,3.0,21,15,1,3,1,3,0.5,Loss,19,12
360,2022CamvsBra,Cameroon,Brazil,12/2/2022,1.5,5.0,43,1,1,2,4,9,0.166667,Win,26,3
361,2022UruvsSK,Uruguay,South Korea,11/24/2022,3.5,3.5,14,28,2,4,1,2,0.8125,Draw,11,21
362,2022PorvsGha,Portugal,Ghana,11/24/2022,3.0,2.5,9,61,3,6,1,2,1.0,Win,7,27
363,2022SKvsGha,South Korea,Ghana,11/28/2022,3.0,2.5,28,61,1,2,1,2,0.5,Loss,21,27
364,2022PorvsUru,Portugal,Uruguay,11/28/2022,3.0,3.0,9,14,3,6,2,4,0.5,Win,7,11
365,2022GhavsUru,Ghana,Uruguay,12/2/2022,3.0,2.5,61,14,1,2,2,4,0.5,Loss,27,11
366,2022SKvsPor,South Korea,Portugal,12/2/2022,3.0,4.0,28,9,1,2,3,6,1.0,Win,21,7
367,2022NethvsUs,Netherlands,United States,12/3/2022,4.5,2.5,8,16,2,5,1,3,0.8,Win,8,17
368,2022ArgvsAus,Argentina,Australia,12/3/2022,4.0,4.0,3,38,3,6,0,1,0.785714,Win,5,29
369,2022JapvsCro,Japan,Croatia,12/5/2022,2.5,4.0,24,12,0,2,2,4,0.5,Draw,20,10
370,2022BravsSK,Brazil,South Korea,12/5/2022,4.0,3.5,1,28,4,9,1,2,0.857143,Win,3,21
371,2022EngvsSen,England,Senegal,12/4/2022,3.0,3.5,5,18,2,6,1,3,0.0,Win,9,15
372,2022FravsPol,France,Poland,12/4/2022,3.0,3.5,4,26,4,8,1,2,0.65625,Win,4,13
373,2022MorvsSpa,Morocco,Spain,12/6/2022,4.0,3.5,22,7,1,3,2,6,0.166667,Draw,16,6
374,2022PorvsSwi,Portugal,Switzerland,12/6/2022,3.0,3.0,9,15,3,6,1,3,0.46,Win,7,12
375,2022NethvsArg,Netherlands,Argentina,12/9/2022,4.5,4.0,8,3,2,5,3,6,0.666667,Draw,8,5
376,2022CrovsBra,Croatia,Brazil,12/9/2022,3.5,4.0,12,1,2,4,4,9,0.125,Draw,10,3
377,2022EngvsFra,England,France,12/10/2022,4.0,3.0,5,4,2,6,4,8,0.606061,Loss,9,4
378,2022MorvsPor,Morocco,Portugal,12/10/2022,4.0,4.0,22,9,1,3,3,6,0.5,Win,16,7
379,2022ArgvsCro,Argentina,Croatia,12/13/2022,3.5,3.0,3,12,3,6,2,4,0.5,Win,5,10
380,2022FravsMor,France,Morocco,12/14/2022,4.0,4.0,4,22,4,8,1,3,0.8,Win,4,16
381,2022_Final_ArgvsFra,Argentina,France,12/18/2022,4.5,4.0,3,4,3,6,4,8,0.625,Draw,5,4
382,2022CrovsMor,Croatia,Morocco,12/17/2022,2.5,3.5,12,22,2,4,1,3,0.5,Win,10,16
